dataset,method,tag,n_seeds,seeds,epochs,best_auroc,best_aupr,valsel_auroc,valsel_aupr,config_sha8,rotation_files
amazon,outpost,A_sim0.0,10,0 1 2 3 4 5 6 7 8 42,400,0.9534 +- 0.0048,0.8391 +- 0.0092,0.9420,0.8180,460508b4,10
amazon,outpost,A_sim1.0,10,0 1 2 3 4 5 6 7 8 42,400,0.9475 +- 0.0061,0.8110 +- 0.0125,0.9421,0.7991,7b897f10,10
amazon,demo,B_demo_mix,10,0 1 2 3 4 5 6 7 8 42,400,0.9555 +- 0.0051,0.8389 +- 0.0111,0.9505,0.8296,043d7485,10
amazon,outpost,C_noconformal,10,0 1 2 3 4 5 6 7 8 42,400,0.9543 +- 0.0043,0.8379 +- 0.0091,0.9464,0.8186,272793ea,10
amazon,outpost,C_nogate,10,0 1 2 3 4 5 6 7 8 42,400,0.9532 +- 0.0050,0.8390 +- 0.0070,0.9464,0.8212,8fe87da8,10
amazon,outpost,C_nopl,10,0 1 2 3 4 5 6 7 8 42,400,0.9516 +- 0.0084,0.8334 +- 0.0095,0.9424,0.8213,fb687f46,10
amazon,outpost,C_nopl_hidden16,10,0 1 2 3 4 5 6 7 8 42,400,0.9448 +- 0.0105,0.8236 +- 0.0193,0.9391,0.8164,a2bec5b5,10
amazon,outpost,C_simplacebo,10,0 1 2 3 4 5 6 7 8 42,400,0.9442 +- 0.0116,0.8234 +- 0.0149,0.9387,0.8164,64eda4bf,10
amazon,demo,DT_lr0.001_wd0.0,3,0 1 42,200,0.9369 +- 0.0097,0.8058 +- 0.0113,0.9316,0.8018,db3e77ee,3
amazon,demo,DT_lr0.003_wd0.0,3,0 1 42,200,0.9519 +- 0.0027,0.8197 +- 0.0062,0.9435,0.8102,cea667e0,3
amazon,demo,DT_lr0.003_wd0.0001,3,0 1 42,200,0.9490 +- 0.0065,0.8216 +- 0.0121,0.9447,0.8113,e397795e,3
amazon,demo,E400_DT_lr0.001_wd0.0,3,0 1 42,400,0.9524 +- 0.0058,0.8305 +- 0.0019,0.9403,0.8189,2fc17611,3
amazon,demo,E400_DT_lr0.003_wd0.0,3,0 1 42,400,0.9581 +- 0.0034,0.8379 +- 0.0117,0.9500,0.8113,770a5658,3
amazon,demo,E400_DT_lr0.003_wd0.0001,3,0 1 42,400,0.9573 +- 0.0066,0.8404 +- 0.0092,0.9495,0.8219,0e71b93b,3
amazon,nsreg,E400_nsreg,10,0 1 2 3 4 5 6 7 8 42,400,0.9531 +- 0.0055,0.8327 +- 0.0096,0.9442,0.8208,5e753ed1,10
amazon,outpost,L_lean,10,0 1 2 3 4 5 6 7 8 42,400,0.9511 +- 0.0084,0.8330 +- 0.0113,0.9397,0.8180,784a54e5,10
amazon,nsreg,NT_lr0.001_wd0.0001,3,0 1 42,400,0.9549 +- 0.0050,0.8298 +- 0.0075,0.9359,0.8063,b737a26c,3
amazon,nsreg,NT_lr0.003_wd0.0,10,0 1 2 3 4 5 6 7 8 42,400,0.9586 +- 0.0080,0.8409 +- 0.0122,0.9540,0.8288,94d288e4,10
amazon,nsreg,NT_lr0.003_wd0.0001,3,0 1 42,400,0.9590 +- 0.0043,0.8372 +- 0.0084,0.9495,0.8201,abe60b7a,3
amazon,outpost,REPRO_ckg10,1,0,400,0.9349,0.8119,0.9293,0.8092,fb687f46,1
amazon,outpost,T_Kp2,3,0 1 42,400,0.9511 +- 0.0039,0.8274 +- 0.0020,0.9459,0.8152,f9b49b4e,3
amazon,outpost,T_Kp6,3,0 1 42,400,0.9428 +- 0.0042,0.8228 +- 0.0014,0.9381,0.8152,9bffecd3,3
amazon,outpost,T_alpha0.01,3,0 1 42,400,0.9489 +- 0.0048,0.8286 +- 0.0047,0.9394,0.8116,aed81af0,3
amazon,outpost,T_alpha0.10,3,0 1 42,400,0.9477 +- 0.0002,0.8268 +- 0.0021,0.9354,0.8127,b0913377,3
amazon,outpost,T_drop0.1,3,0 1 42,400,0.9486 +- 0.0026,0.8284 +- 0.0018,0.9369,0.8149,01a1370c,3
amazon,outpost,T_drop0.4,3,0 1 42,400,0.9425 +- 0.0023,0.8201 +- 0.0028,0.9317,0.8028,71503510,3
amazon,outpost,T_hidden16,10,0 1 2 3 4 5 6 7 8 42,400,0.9494 +- 0.0076,0.8294 +- 0.0110,0.9431,0.8153,78a4f280,10
amazon,outpost,T_hidden64,3,0 1 42,400,0.9494 +- 0.0037,0.8350 +- 0.0052,0.9420,0.8277,aa1a3b98,3
amazon,outpost,T_lr0.003,3,0 1 42,400,0.9501 +- 0.0066,0.8322 +- 0.0024,0.9380,0.8109,aef959b9,3
amazon,outpost,T_synth,3,0 1 42,400,0.9345 +- 0.0108,0.8091 +- 0.0110,0.9240,0.7918,8401e9ba,3
amazon,outpost,T_warmup20,3,0 1 42,400,0.9501 +- 0.0071,0.8261 +- 0.0009,0.9361,0.8062,f0738abf,3
amazon,outpost,T_warmup5,3,0 1 42,400,0.9487 +- 0.0013,0.8280 +- 0.0051,0.9367,0.8167,b056a8ab,3
computers,outpost,A_main,5,0 1 2 3 42,200,0.8214 +- 0.0185,0.5949 +- 0.0252,0.7650,0.5058,44de9a97,25
computers,demo,B_demo,5,0 1 2 3 42,200,0.7691 +- 0.0164,0.5079 +- 0.0254,0.7350,0.4584,79660d7a,25
computers,demo,B_demo_mix,5,0 1 2 3 42,200,0.7685 +- 0.0116,0.5069 +- 0.0251,0.7337,0.4515,6c4dc96c,25
computers,outpost,C_noconformal,5,0 1 2 3 42,200,0.7848 +- 0.0111,0.5301 +- 0.0171,0.7381,0.4706,a668bb6d,25
computers,outpost,C_nogate,5,0 1 2 3 42,200,0.8202 +- 0.0180,0.5959 +- 0.0211,0.7554,0.4984,82237876,25
computers,outpost,C_nopl,5,0 1 2 3 42,200,0.7569 +- 0.0093,0.4946 +- 0.0172,0.7285,0.4567,24260721,25
computers,outpost,C_sim,5,0 1 2 3 42,200,0.8267 +- 0.0117,0.5817 +- 0.0191,0.7637,0.4926,c05f091c,25
computers,demo,DT_lr0.001_wd0.0,3,0 1 42,200,0.7640 +- 0.0079,0.5026 +- 0.0210,0.7354,0.4538,05f9e5c0,15
computers,demo,DT_lr0.003_wd0.0,3,0 1 42,200,0.7811 +- 0.0121,0.5118 +- 0.0218,0.7462,0.4795,eb516406,15
computers,demo,DT_lr0.003_wd0.0001,3,0 1 42,200,0.7768 +- 0.0059,0.5215 +- 0.0188,0.7384,0.4790,b5e7bc12,15
computers,demo,E400_DT_lr0.001_wd0.0,3,0 1 42,400,0.7788 +- 0.0140,0.5327 +- 0.0307,0.7308,0.4696,0b705c96,15
computers,demo,E400_DT_lr0.003_wd0.0,3,0 1 42,400,0.7954 +- 0.0200,0.5346 +- 0.0443,0.7405,0.4891,a4108b98,15
computers,demo,E400_DT_lr0.003_wd0.0001,3,0 1 42,400,0.7950 +- 0.0184,0.5486 +- 0.0369,0.7476,0.4926,456726c3,15
computers,outpost,E400_T_Kp12,3,0 1 42,400,0.8483 +- 0.0109,0.6409 +- 0.0130,0.7838,0.5382,6bd941a0,15
computers,outpost,E400_T_Kp4,3,0 1 42,400,0.8516 +- 0.0150,0.6490 +- 0.0136,0.7664,0.5141,27f2c232,15
computers,outpost,E400_T_drop0.3,3,0 1 42,400,0.8431 +- 0.0125,0.6466 +- 0.0129,0.7583,0.5274,9fd620d1,15
computers,outpost,E400_T_hidden128,3,0 1 42,400,0.8492 +- 0.0145,0.6566 +- 0.0139,0.7709,0.5239,bf0f7a32,15
computers,outpost,E400_T_hidden32,3,0 1 42,400,0.8455 +- 0.0122,0.6394 +- 0.0195,0.7876,0.5393,13e51792,15
computers,outpost,E400_T_lambda_un0.5,3,0 1 42,400,0.8437 +- 0.0154,0.6414 +- 0.0197,0.7725,0.5281,fb75b37a,15
computers,outpost,E400_T_lambda_un1.5,3,0 1 42,400,0.8527 +- 0.0141,0.6524 +- 0.0100,0.7726,0.5291,d7e64be8,15
computers,outpost,E400_T_nosynth,3,0 1 42,400,0.8510 +- 0.0063,0.6438 +- 0.0124,0.7564,0.5082,b8dac820,15
computers,outpost,E400_T_warmup15,3,0 1 42,400,0.8505 +- 0.0079,0.6375 +- 0.0167,0.7918,0.5426,ae6420fe,15
computers,demo,E400_demo,10,0 1 2 3 4 5 6 7 8 42,400,0.7782 +- 0.0150,0.5289 +- 0.0245,0.7274,0.4577,7250bfec,50
computers,outpost,E400_nogate,10,0 1 2 3 4 5 6 7 8 42,400,0.8495 +- 0.0125,0.6503 +- 0.0098,0.7709,0.5309,70c94d0f,50
computers,nsreg,E400_nsreg,10,0 1 2 3 4 5 6 7 8 42,400,0.8370 +- 0.0228,0.6055 +- 0.0202,0.7855,0.5259,14341520,50
computers,outpost,E400_outpost,10,0 1 2 3 4 5 6 7 8 42,400,0.8510 +- 0.0101,0.6521 +- 0.0092,0.7715,0.5324,a9f6c239,50
computers,outpost,L_lean,5,0 1 2 3 42,200,0.7569 +- 0.0093,0.4946 +- 0.0172,0.7285,0.4567,aaa19861,25
computers,nsreg,N201_nsreg,5,0 1 2 3 42,201,0.8085 +- 0.0112,0.5649 +- 0.0147,0.7782,0.5124,56c6cef9,25
computers,nsreg,NT_lr0.001_wd0.0001,3,0 1 42,400,0.8336 +- 0.0142,0.6063 +- 0.0197,0.7798,0.5223,47e462e8,15
computers,nsreg,NT_lr0.003_wd0.0,3,0 1 42,400,0.8329 +- 0.0180,0.5938 +- 0.0213,0.7855,0.5229,74a5ba1f,15
computers,nsreg,NT_lr0.003_wd0.0001,3,0 1 42,400,0.8388 +- 0.0142,0.6126 +- 0.0215,0.7813,0.5194,603db7db,15
computers,outpost,T_Kp12,3,0 1 42,200,0.8236 +- 0.0181,0.5981 +- 0.0283,0.7717,0.5140,ac1d6856,15
computers,outpost,T_Kp4,3,0 1 42,200,0.8203 +- 0.0159,0.5967 +- 0.0237,0.7502,0.4877,e369a655,15
computers,outpost,T_drop0.3,3,0 1 42,200,0.8159 +- 0.0192,0.5947 +- 0.0289,0.7593,0.5237,dfebf151,15
computers,outpost,T_hidden128,3,0 1 42,200,0.8240 +- 0.0228,0.6046 +- 0.0324,0.7647,0.5144,5f70938a,15
computers,outpost,T_hidden32,3,0 1 42,200,0.8193 +- 0.0140,0.5934 +- 0.0213,0.7702,0.5068,d65000f5,15
computers,outpost,T_lambda_un0.5,3,0 1 42,200,0.8095 +- 0.0171,0.5826 +- 0.0326,0.7554,0.4998,4a3f5b52,15
computers,outpost,T_lambda_un1.5,3,0 1 42,200,0.8261 +- 0.0167,0.5988 +- 0.0201,0.7579,0.5037,ec9a5f95,15
computers,outpost,T_nosynth,3,0 1 42,200,0.8205 +- 0.0069,0.6024 +- 0.0152,0.7519,0.4988,b38ad9e2,15
computers,outpost,T_warmup15,3,0 1 42,200,0.8226 +- 0.0168,0.5976 +- 0.0306,0.7733,0.5140,7ceccd44,15
cs,outpost,A_main,5,0 1 2 3 42,200,0.9832 +- 0.0021,0.9552 +- 0.0051,0.9274,0.8475,5999b680,40
cs,demo,B_demo,5,0 1 2 3 42,200,0.9596 +- 0.0074,0.9059 +- 0.0159,0.8894,0.7780,04c3b5e3,40
cs,demo,B_demo_mix,5,0 1 2 3 42,200,0.9603 +- 0.0042,0.9083 +- 0.0078,0.8883,0.7702,317733b0,40
cs,outpost,C_noconformal,5,0 1 2 3 42,200,0.9785 +- 0.0040,0.9468 +- 0.0086,0.9125,0.8230,e418b75f,40
cs,outpost,C_nogate,5,0 1 2 3 42,200,0.9832 +- 0.0021,0.9551 +- 0.0051,0.9281,0.8488,a5b6afa1,40
cs,outpost,C_nopl,5,0 1 2 3 42,200,0.9184 +- 0.0044,0.8307 +- 0.0088,0.8911,0.7769,4aee22e6,40
cs,outpost,C_sim,5,0 1 2 3 42,200,0.9836 +- 0.0019,0.9577 +- 0.0046,0.9281,0.8454,88b66959,40
cs,demo,E400_demo,10,0 1 2 3 4 5 6 7 8 42,400,0.9646 +- 0.0044,0.9155 +- 0.0105,0.9008,0.7948,0f06da18,80
cs,outpost,E400_nogate,10,0 1 2 3 4 5 6 7 8 42,400,0.9842 +- 0.0018,0.9576 +- 0.0045,0.9374,0.8644,a5b4704c,80
cs,nsreg,E400_nsreg,10,0 1 2 3 4 5 6 7 8 42,400,0.9701 +- 0.0035,0.9336 +- 0.0072,0.9294,0.8549,e1e6eb52,80
cs,outpost,E400_outpost,10,0 1 2 3 4 5 6 7 8 42,400,0.9842 +- 0.0018,0.9575 +- 0.0045,0.9389,0.8680,bcd08c81,80
cs,outpost,L_lean,5,0 1 2 3 42,200,0.9184 +- 0.0044,0.8307 +- 0.0088,0.8911,0.7769,b51924ed,40
cs,nsreg,N201_nsreg,5,0 1 2 3 42,201,0.9709 +- 0.0039,0.9354 +- 0.0077,0.9196,0.8371,f69e23de,40
cs,outpost,T_Kp12,3,0 1 42,200,0.9838 +- 0.0027,0.9573 +- 0.0058,0.9206,0.8359,ada15d0e,24
cs,outpost,T_Kp4,3,0 1 42,200,0.9838 +- 0.0025,0.9573 +- 0.0057,0.9161,0.8243,80e91111,24
cs,outpost,T_drop0.3,3,0 1 42,200,0.9836 +- 0.0022,0.9562 +- 0.0055,0.9253,0.8439,5da0ed21,24
cs,outpost,T_hidden128,3,0 1 42,200,0.9838 +- 0.0026,0.9575 +- 0.0055,0.9241,0.8387,64ef4be8,24
cs,outpost,T_hidden32,3,0 1 42,200,0.9838 +- 0.0024,0.9567 +- 0.0061,0.9121,0.8180,1b90baa2,24
cs,outpost,T_lambda_un0.5,3,0 1 42,200,0.9837 +- 0.0025,0.9566 +- 0.0057,0.9224,0.8389,cdbd889f,24
cs,outpost,T_lambda_un1.5,3,0 1 42,200,0.9839 +- 0.0025,0.9575 +- 0.0059,0.9209,0.8334,f0733f4f,24
cs,outpost,T_nosynth,3,0 1 42,200,0.9841 +- 0.0025,0.9571 +- 0.0065,0.8985,0.7898,c879591e,24
cs,outpost,T_warmup15,3,0 1 42,200,0.9838 +- 0.0025,0.9571 +- 0.0055,0.9120,0.8197,9db4016e,24
ogbn-arxiv,outpost,A_main,10,0 1 2 3 4 5 6 7 8 42,400,0.6229 +- 0.0081,0.3049 +- 0.0060,0.6058,0.2948,61fe01d9 ab8f62fc,40
ogbn-arxiv,outpost,A_nogate400,5,0 1 2 3 42,400,0.6225 +- 0.0084,0.3051 +- 0.0066,0.6048,0.2962,99197a6f,20
ogbn-arxiv,demo,B_demo_mix,10,0 1 2 3 4 5 6 7 8 42,400,0.6176 +- 0.0106,0.2966 +- 0.0072,0.6037,0.2871,91eabab4,40
ogbn-arxiv,outpost,C_sim,5,0 1 2 3 42,400,0.6233 +- 0.0086,0.3060 +- 0.0076,0.6026,0.2942,98a6927f,20
ogbn-arxiv,nsreg,E400_nsreg,10,0 1 2 3 4 5 6 7 8 42,400,0.6533 +- 0.0101,0.3110 +- 0.0052,0.6298,0.3001,38176515,40
ogbn-mag,outpost,A_main,10,0 1 2 3 4 5 6 7 8 42,400,0.5928 +- 0.0034,0.0101 +- 0.0001,0.5725,0.0090,80278498 d975d501,150
photo,outpost,A_main,10,0 1 2 3 4 5 6 7 8 42,200,0.8374 +- 0.0293,0.5278 +- 0.0223,0.7722,0.4875,067c5ecd,20
photo,demo,B_demo,5,0 1 2 3 42,200,0.8300 +- 0.0225,0.5164 +- 0.0204,0.7591,0.4733,ab9d62d1,10
photo,demo,B_demo_mix,10,0 1 2 3 4 5 6 7 8 42,200,0.8403 +- 0.0217,0.5300 +- 0.0181,0.7670,0.4793,258a5c86,20
photo,outpost,C_noconformal,5,0 1 2 3 42,200,0.8270 +- 0.0182,0.5236 +- 0.0133,0.7682,0.4899,0abe2809,10
photo,outpost,C_nogate,5,0 1 2 3 42,200,0.8310 +- 0.0141,0.5207 +- 0.0099,0.7664,0.4841,837bf524,10
photo,outpost,C_nopl,5,0 1 2 3 42,200,0.7929 +- 0.0243,0.5016 +- 0.0116,0.7482,0.4766,680a26e2,10
photo,outpost,C_nosynth,5,0 1 2 3 42,200,0.8489 +- 0.0089,0.5282 +- 0.0106,0.7817,0.4922,3b5412fb,10
photo,outpost,C_sim,5,0 1 2 3 42,200,0.7721 +- 0.0309,0.4887 +- 0.0134,0.7080,0.4643,ad27cfe9,10
photo,demo,DT_lr0.001_wd0.0,3,0 1 42,200,0.8461 +- 0.0333,0.5366 +- 0.0224,0.7891,0.5047,11f12d50,6
photo,demo,DT_lr0.003_wd0.0,3,0 1 42,200,0.8481 +- 0.0398,0.5291 +- 0.0286,0.8039,0.5022,87f9759e,6
photo,demo,DT_lr0.003_wd0.0001,3,0 1 42,200,0.8572 +- 0.0309,0.5448 +- 0.0221,0.7883,0.4978,2770eeea,6
photo,outpost,D_lambda0.5,5,0 1 2 3 42,200,0.8258 +- 0.0224,0.5225 +- 0.0188,0.7738,0.4894,5ee50755,10
photo,outpost,D_lambda1.25,5,0 1 2 3 42,200,0.8332 +- 0.0135,0.5200 +- 0.0104,0.7689,0.4865,1be3f924,10
photo,outpost,D_lambda1.5,5,0 1 2 3 42,200,0.8303 +- 0.0143,0.5172 +- 0.0126,0.7720,0.4859,103f590c,10
photo,demo,E400_DT_lr0.001_wd0.0,3,0 1 42,400,0.8813 +- 0.0258,0.5786 +- 0.0335,0.8236,0.5256,ce8028c2,6
photo,demo,E400_DT_lr0.003_wd0.0,3,0 1 42,400,0.8811 +- 0.0359,0.5649 +- 0.0450,0.8211,0.5135,304d8e5f,6
photo,demo,E400_DT_lr0.003_wd0.0001,2,0 1,400,0.8656 +- 0.0001,0.5632 +- 0.0023,0.7738,0.5028,53b57cf8,4
photo,outpost,E400_T_Kp12,3,0 1 42,400,0.8660 +- 0.0051,0.5459 +- 0.0110,0.7923,0.4999,217d3b58,6
photo,outpost,E400_T_Kp4,3,0 1 42,400,0.8656 +- 0.0075,0.5484 +- 0.0169,0.7947,0.5049,fd4e9f17,6
photo,outpost,E400_T_alpha0.01,3,0 1 42,400,0.8744 +- 0.0157,0.5618 +- 0.0189,0.8150,0.5132,ba25af07,6
photo,outpost,E400_T_drop0.3,3,0 1 42,400,0.8758 +- 0.0151,0.5522 +- 0.0233,0.8028,0.5051,5c0fb590,6
photo,outpost,E400_T_gateq0.8,3,0 1 42,400,0.8654 +- 0.0105,0.5451 +- 0.0104,0.8173,0.5105,48bec31c,6
photo,outpost,E400_T_hidden128,3,0 1 42,400,0.8792 +- 0.0135,0.5595 +- 0.0198,0.8249,0.5184,d2e3f281,6
photo,outpost,E400_T_hidden32,3,0 1 42,400,0.8729 +- 0.0184,0.5522 +- 0.0186,0.8137,0.5134,dfe5019f,6
photo,outpost,E400_T_lambda_un0.5,3,0 1 42,400,0.8635 +- 0.0131,0.5536 +- 0.0137,0.8086,0.5171,de9c7fd4,6
photo,outpost,E400_T_lambda_un1.5,3,0 1 42,400,0.8628 +- 0.0129,0.5380 +- 0.0141,0.7937,0.4969,62d35eb1,6
photo,outpost,E400_T_lean,3,0 1 42,400,0.8719 +- 0.0199,0.5494 +- 0.0263,0.7855,0.4911,ac89e308,6
photo,outpost,E400_T_lr0.003,3,0 1 42,400,0.8867 +- 0.0144,0.5647 +- 0.0292,0.8028,0.5072,9bbb01be,6
photo,outpost,E400_T_warmup15,3,0 1 42,400,0.8676 +- 0.0200,0.5504 +- 0.0267,0.8077,0.5145,fa4e1520,6
photo,demo,E400_demo,10,0 1 2 3 4 5 6 7 8 42,400,0.8879 +- 0.0155,0.5848 +- 0.0204,0.7744,0.4869,82e18004,20
photo,outpost,E400_nogate,10,0 1 2 3 4 5 6 7 8 42,400,0.8701 +- 0.0175,0.5504 +- 0.0211,0.7860,0.4939,0a93e3b3,20
photo,nsreg,E400_nsreg,10,0 1 2 3 4 5 6 7 8 42,400,0.8760 +- 0.0412,0.5902 +- 0.0585,0.7929,0.5057,08bff483,20
photo,outpost,E400_outpost,10,0 1 2 3 4 5 6 7 8 42,400,0.8703 +- 0.0243,0.5557 +- 0.0356,0.7914,0.4976,260a1127,20
photo,demo,E_demo_energy,3,0 1 42,200,0.8364 +- 0.0371,0.5244 +- 0.0295,0.7864,0.4927,63aea19c,6
photo,demo,E_demo_noenergy,3,0 1 42,200,0.8395 +- 0.0231,0.5235 +- 0.0214,0.7706,0.4813,ab9d62d1,6
photo,outpost,G_b100_sim0.0,5,0 1 2 3 42,200,0.8293 +- 0.0137,0.5185 +- 0.0102,0.7658,0.4867,655c4adc,10
photo,outpost,G_b100_sim1.0,5,0 1 2 3 42,200,0.7745 +- 0.0193,0.4912 +- 0.0142,0.7106,0.4679,9232970e,10
photo,outpost,G_b10_sim0.0,5,0 1 2 3 42,200,0.8382 +- 0.0141,0.5271 +- 0.0091,0.7641,0.4858,ac16188b,10
photo,outpost,G_b10_sim1.0,5,0 1 2 3 42,200,0.7746 +- 0.0237,0.4828 +- 0.0138,0.7018,0.4558,cc0419e6,10
photo,outpost,G_b50_sim0.0,5,0 1 2 3 42,200,0.8315 +- 0.0135,0.5220 +- 0.0078,0.7608,0.4838,0da91895,10
photo,outpost,G_b50_sim1.0,5,0 1 2 3 42,200,0.7863 +- 0.0163,0.4952 +- 0.0145,0.6970,0.4610,a620969f,10
photo,outpost,G_b5_sim0.0,5,0 1 2 3 42,200,0.8306 +- 0.0177,0.5243 +- 0.0146,0.7566,0.4781,bc27011d,10
photo,outpost,G_b5_sim1.0,5,0 1 2 3 42,200,0.7706 +- 0.0134,0.4818 +- 0.0067,0.7101,0.4532,06a17e04,10
photo,demo,H_anom100,3,0 1 42,200,0.8331 +- 0.0370,0.4891 +- 0.0295,0.7465,0.4364,32ab8d01,6
photo,demo,H_anom200,3,0 1 42,200,0.7875 +- 0.0209,0.3464 +- 0.0089,0.7094,0.3077,1ed36585,6
photo,demo,H_ep400,3,0 1 42,400,0.8919 +- 0.0231,0.5923 +- 0.0323,0.8112,0.5168,82e18004,6
photo,demo,H_norm0.10,3,0 1 42,200,0.8203 +- 0.0311,0.5209 +- 0.0150,0.7812,0.4941,1b29f20b,6
photo,demo,H_norm0.20,3,0 1 42,200,0.8161 +- 0.0270,0.5262 +- 0.0142,0.7747,0.5037,b79df96b,6
photo,outpost,L_lean,10,0 1 2 3 4 5 6 7 8 42,200,0.7993 +- 0.0248,0.5056 +- 0.0135,0.7575,0.4784,23a39b01,20
photo,nsreg,N201_nsreg,5,0 1 2 3 42,201,0.8121 +- 0.0565,0.5216 +- 0.0675,0.7645,0.4860,48f01da2,10
photo,nsreg,NT_lr0.001_wd0.0001,3,0 1 42,400,0.8629 +- 0.0464,0.5790 +- 0.0741,0.8155,0.5303,023817f5,6
photo,nsreg,NT_lr0.003_wd0.0,10,0 1 2 3 4 5 6 7 8 42,400,0.8782 +- 0.0329,0.5660 +- 0.0604,0.7961,0.4788,86573220,20
photo,nsreg,NT_lr0.003_wd0.0001,3,0 1 42,400,0.8624 +- 0.0393,0.5606 +- 0.0550,0.8137,0.5257,ff2614a2,6
photo,outpost,T_Kp12,3,0 1 42,200,0.8413 +- 0.0151,0.5316 +- 0.0133,0.7514,0.4765,6c6c85e4,6
photo,outpost,T_Kp4,3,0 1 42,200,0.8372 +- 0.0213,0.5277 +- 0.0166,0.7879,0.4993,8a42c252,6
photo,outpost,T_alpha0.01,3,0 1 42,200,0.8281 +- 0.0245,0.5239 +- 0.0109,0.7773,0.4908,bb427675,6
photo,outpost,T_drop0.3,3,0 1 42,200,0.8353 +- 0.0197,0.5239 +- 0.0121,0.7693,0.4883,c07a114e,6
photo,outpost,T_gateq0.8,3,0 1 42,200,0.8351 +- 0.0179,0.5250 +- 0.0123,0.7732,0.4894,a982316e,6
photo,outpost,T_hidden128,3,0 1 42,200,0.8456 +- 0.0062,0.5351 +- 0.0071,0.7810,0.4968,546656d9,6
photo,outpost,T_hidden32,3,0 1 42,200,0.8396 +- 0.0288,0.5276 +- 0.0209,0.7818,0.4937,c5d4a467,6
photo,outpost,T_lambda_un0.5,3,0 1 42,200,0.8314 +- 0.0240,0.5271 +- 0.0170,0.7830,0.4954,5ee50755,6
photo,outpost,T_lambda_un1.5,3,0 1 42,200,0.8332 +- 0.0129,0.5222 +- 0.0087,0.7736,0.4881,103f590c,6
photo,outpost,T_lean,3,0 1 42,200,0.8531 +- 0.0094,0.5340 +- 0.0094,0.7861,0.4949,3b5412fb,6
photo,outpost,T_lr0.003,3,0 1 42,200,0.8532 +- 0.0374,0.5432 +- 0.0293,0.7911,0.4906,82d9ffb8,6
photo,outpost,T_warmup15,3,0 1 42,200,0.8355 +- 0.0183,0.5255 +- 0.0119,0.7637,0.4761,ceebf5f0,6
tfinance,outpost,A_sim0.0,10,0 1 2 3 4 5 6 7 8 42,400,0.9087 +- 0.0112,0.6807 +- 0.0399,0.8946,0.6432,bd0099f0,10
tfinance,outpost,A_sim1.0,10,0 1 2 3 4 5 6 7 8 42,400,0.9215 +- 0.0039,0.7581 +- 0.0095,0.9105,0.6899,dd5eb61f,10
tfinance,demo,B_demo_mix,10,0 1 2 3 4 5 6 7 8 42,400,0.9161 +- 0.0081,0.7122 +- 0.0263,0.9029,0.6560,8d224a52,10
tfinance,outpost,C_noconformal,10,0 1 2 3 4 5 6 7 8 42,400,0.9114 +- 0.0128,0.6893 +- 0.0467,0.8996,0.6523,9b8f90f0,10
tfinance,outpost,C_nogate,10,0 1 2 3 4 5 6 7 8 42,400,0.9087 +- 0.0140,0.6783 +- 0.0438,0.8980,0.6502,822c68a8,10
tfinance,outpost,C_nopl_sim0.0,10,0 1 2 3 4 5 6 7 8 42,400,0.9183 +- 0.0153,0.7156 +- 0.0522,0.9084,0.6917,f52fe274,10
tfinance,outpost,C_nopl_sim1.0,10,0 1 2 3 4 5 6 7 8 42,400,0.9224 +- 0.0041,0.7580 +- 0.0073,0.9127,0.7175,93b26b58,10
tfinance,nsreg,E400_nsreg,10,0 1 2 3 4 5 6 7 8 42,400,0.9238 +- 0.0093,0.7257 +- 0.0336,0.9156,0.6682,7bee5e00,10
yelp,outpost,A_main,10,0 1 2 3 4 5 6 7 8 42,400,0.7448 +- 0.0156,0.3824 +- 0.0340,0.7425,0.3706,bb3beb04,10
yelp,demo,B_demo,10,0 1 2 3 4 5 6 7 8 42,400,0.7314 +- 0.0110,0.3516 +- 0.0218,0.7271,0.3434,86172e68,10
yelp,demo,B_demo_mix,10,0 1 2 3 4 5 6 7 8 42,400,0.7310 +- 0.0111,0.3504 +- 0.0222,0.7246,0.3372,b3e19142,10
yelp,outpost,C_fview,5,0 1 2 3 42,400,0.7472 +- 0.0191,0.3906 +- 0.0294,0.7421,0.3695,68b4690e,5
yelp,outpost,C_hopmix,5,0 1 2 3 42,400,0.7426 +- 0.0293,0.3755 +- 0.0363,0.7386,0.3566,ae0df167,5
yelp,outpost,C_noconformal,5,0 1 2 3 42,400,0.7436 +- 0.0210,0.3843 +- 0.0340,0.7392,0.3642,8293bb2f,5
yelp,outpost,C_nogate,10,0 1 2 3 4 5 6 7 8 42,400,0.7454 +- 0.0164,0.3835 +- 0.0335,0.7418,0.3694,ad6dea6e,10
yelp,outpost,C_nopl,10,0 1 2 3 4 5 6 7 8 42,400,0.7507 +- 0.0109,0.3863 +- 0.0271,0.7491,0.3813,5c6e662e,10
yelp,outpost,C_nosim,10,0 1 2 3 4 5 6 7 8 42,400,0.7185 +- 0.0148,0.3320 +- 0.0300,0.7160,0.3281,7e0074c6,10
yelp,outpost,C_simplacebo,10,0 1 2 3 4 5 6 7 8 42,400,0.7157 +- 0.0159,0.3269 +- 0.0272,0.7137,0.3235,35ce802f,10
yelp,outpost,C_synth,5,0 1 2 3 42,400,0.7421 +- 0.0187,0.3553 +- 0.0480,0.7350,0.3311,7dfb0234,5
yelp,demo,DT_lr0.001_wd0.0,3,0 1 42,200,0.6760 +- 0.0070,0.2655 +- 0.0078,0.6705,0.2600,ccee7c9d,3
yelp,demo,DT_lr0.003_wd0.0,3,0 1 42,200,0.6972 +- 0.0251,0.2873 +- 0.0267,0.6510,0.2395,1c4d1581,3
yelp,demo,DT_lr0.003_wd0.0001,3,0 1 42,200,0.7255 +- 0.0119,0.3276 +- 0.0286,0.7072,0.2952,523da0a1,3
yelp,outpost,D_alpha0.01,5,0 1 2 3 42,400,0.7435 +- 0.0201,0.3870 +- 0.0321,0.7412,0.3694,04f3215d,5
yelp,outpost,D_alpha0.1,5,0 1 2 3 42,400,0.7435 +- 0.0202,0.3871 +- 0.0323,0.7412,0.3694,ea5fc137,5
yelp,outpost,D_hidden16,5,0 1 2 3 42,400,0.7371 +- 0.0149,0.3526 +- 0.0307,0.7046,0.3089,6bd4234a,5
yelp,outpost,D_hidden64,5,0 1 2 3 42,400,0.7427 +- 0.0172,0.3875 +- 0.0256,0.7351,0.3627,b02f36ee,5
yelp,outpost,D_sim0.25,5,0 1 2 3 42,400,0.7281 +- 0.0208,0.3525 +- 0.0406,0.7240,0.3378,4073c523,5
yelp,outpost,D_sim0.5,5,0 1 2 3 42,400,0.7346 +- 0.0238,0.3632 +- 0.0401,0.7304,0.3497,265c258f,5
yelp,outpost,D_sim0.75,5,0 1 2 3 42,400,0.7384 +- 0.0202,0.3696 +- 0.0392,0.7344,0.3569,739bbbae,5
yelp,demo,E400_DT_lr0.001_wd0.0,3,0 1 42,400,0.7336 +- 0.0165,0.3470 +- 0.0421,0.7294,0.3342,fe3fe86c,3
yelp,demo,E400_DT_lr0.003_wd0.0,3,0 1 42,400,0.7378 +- 0.0136,0.3628 +- 0.0269,0.7337,0.3509,130077f0,3
yelp,demo,E400_DT_lr0.003_wd0.0001,3,0 1 42,400,0.7394 +- 0.0151,0.3609 +- 0.0369,0.7306,0.3306,3f472b17,3
yelp,nsreg,E400_nsreg,10,0 1 2 3 4 5 6 7 8 42,400,0.7388 +- 0.0137,0.3610 +- 0.0196,0.7247,0.3377,bd8f5f94,10
yelp,outpost,F_b100_sim0.0,5,0 1 2 3 42,400,0.7226 +- 0.0199,0.3407 +- 0.0340,0.7191,0.3320,07f5a08b,5
yelp,outpost,F_b100_sim1.0,5,0 1 2 3 42,400,0.7346 +- 0.0214,0.3676 +- 0.0345,0.7316,0.3547,19f7b2df,5
yelp,outpost,F_b200_sim0.0,5,0 1 2 3 42,400,0.7232 +- 0.0192,0.3407 +- 0.0313,0.7205,0.3328,793086b5,5
yelp,outpost,F_b200_sim1.0,5,0 1 2 3 42,400,0.7336 +- 0.0215,0.3624 +- 0.0352,0.7290,0.3427,e88020c5,5
yelp,outpost,F_b50_sim0.0,5,0 1 2 3 42,400,0.7226 +- 0.0205,0.3422 +- 0.0350,0.7191,0.3348,f1e9f69a,5
yelp,outpost,F_b50_sim1.0,5,0 1 2 3 42,400,0.7394 +- 0.0206,0.3816 +- 0.0336,0.7345,0.3635,d3e23b36,5
yelp,outpost,L_lean,10,0 1 2 3 4 5 6 7 8 42,400,0.7507 +- 0.0111,0.3865 +- 0.0276,0.7492,0.3818,760245d4,10
yelp,nsreg,N201_nsreg,5,0 1 2 3 42,201,0.7085 +- 0.0243,0.3000 +- 0.0321,0.6982,0.2858,2bce922b,5
yelp,nsreg,NT_lr0.001_wd0.0001,3,0 1 42,400,0.7477 +- 0.0123,0.3745 +- 0.0319,0.7195,0.3182,b359c198,3
yelp,nsreg,NT_lr0.003_wd0.0,3,0 1 42,400,0.7462 +- 0.0132,0.3710 +- 0.0354,0.6931,0.2955,8007da88,3
yelp,nsreg,NT_lr0.003_wd0.0001,3,0 1 42,400,0.7456 +- 0.0133,0.3687 +- 0.0392,0.6915,0.2885,1d27ed00,3
yelp,outpost,T_Kp2,3,0 1 42,400,0.7569 +- 0.0105,0.4036 +- 0.0317,0.7554,0.3912,cc1a9bcd,3
yelp,outpost,T_Kp6,3,0 1 42,400,0.7563 +- 0.0111,0.3973 +- 0.0342,0.7534,0.3828,7b664e90,3
yelp,outpost,T_alpha0.01,3,0 1 42,400,0.7567 +- 0.0103,0.4016 +- 0.0314,0.7550,0.3875,04f3215d,3
yelp,outpost,T_alpha0.10,3,0 1 42,400,0.7568 +- 0.0104,0.4018 +- 0.0317,0.7550,0.3875,ea5fc137,3
yelp,outpost,T_drop0.1,3,0 1 42,400,0.7569 +- 0.0098,0.4016 +- 0.0295,0.7539,0.3919,c36cfd1e,3
yelp,outpost,T_drop0.4,3,0 1 42,400,0.7618 +- 0.0074,0.4011 +- 0.0256,0.7606,0.3937,0e8e973e,3
yelp,outpost,T_hidden16,3,0 1 42,400,0.7471 +- 0.0081,0.3634 +- 0.0351,0.6946,0.2905,6bd4234a,3
yelp,outpost,T_hidden64,3,0 1 42,400,0.7520 +- 0.0162,0.3941 +- 0.0337,0.7481,0.3769,b02f36ee,3
yelp,outpost,T_lr0.003,3,0 1 42,400,0.7591 +- 0.0080,0.4086 +- 0.0271,0.7580,0.3962,08c4cc52,3
yelp,outpost,T_synth,3,0 1 42,400,0.7476 +- 0.0188,0.3586 +- 0.0603,0.7407,0.3459,7dfb0234,3
yelp,outpost,T_warmup20,3,0 1 42,400,0.7569 +- 0.0121,0.3980 +- 0.0328,0.7554,0.3883,1b56cb48,3
yelp,outpost,T_warmup5,3,0 1 42,400,0.7569 +- 0.0104,0.3982 +- 0.0348,0.7543,0.3949,99e62eff,3
