run,dataset,config,seed,group,scope,rotation,n_epochs,best_roc,best_pr,best_uroc,best_upr,atbestval_roc,atbestval_pr,atbestval_epoch,max_val_auc
A1-nogate,yelp,"full, gate OFF",42,ablation: spectral gate,rotation0,0,400,0.7232,0.3015,0.5,0.0,0.7156,0.2834,325,0.717
A1-nogate,yelp,"full, gate OFF",42,ablation: spectral gate,AGGREGATE,-1,400,0.7232,0.3015,0.5,0.0,0.7156,0.2834,-1,0.717
A2-nopl,yelp,"full, PL OFF",42,ablation: pseudo-labeling,rotation0,0,400,0.7176,0.2852,0.5,0.0,0.7113,0.2802,394,0.7156
A2-nopl,yelp,"full, PL OFF",42,ablation: pseudo-labeling,AGGREGATE,-1,400,0.7176,0.2852,0.5,0.0,0.7113,0.2802,-1,0.7156
A3-nosynth,yelp,lean (synth OFF),42,ablation: synthesis,rotation0,0,400,0.7234,0.3293,0.5,0.0,0.7073,0.3293,385,0.733
A3-nosynth,yelp,lean (synth OFF),42,ablation: synthesis,AGGREGATE,-1,400,0.7234,0.3293,0.5,0.0,0.7073,0.3293,-1,0.733
A4-fixedtau,yelp,"full, fixed tau",42,ablation: conformal,rotation0,0,400,0.7229,0.2979,0.5,0.0,0.7149,0.2847,356,0.7157
A4-fixedtau,yelp,"full, fixed tau",42,ablation: conformal,AGGREGATE,-1,400,0.7229,0.2979,0.5,0.0,0.7149,0.2847,-1,0.7157
A5-lean-nogate,yelp,"lean, gate OFF",42,gate 2x2,rotation0,0,400,0.7228,0.316,0.5,0.0,0.7142,0.3128,336,0.7237
A5-lean-nogate,yelp,"lean, gate OFF",42,gate 2x2,AGGREGATE,-1,400,0.7228,0.316,0.5,0.0,0.7142,0.3128,-1,0.7237
A6-lean-s0,yelp,"lean, gate ON",0,gate 2x2,rotation0,0,400,0.7546,0.4079,0.5,0.0,0.7467,0.3586,240,0.6702
A6-lean-s0,yelp,"lean, gate ON",0,gate 2x2,AGGREGATE,-1,400,0.7546,0.4079,0.5,0.0,0.7467,0.3586,-1,0.6702
A7-lean-s1,yelp,"lean, gate ON",1,gate 2x2,rotation0,0,400,0.7311,0.3426,0.5,0.0,0.7307,0.3426,395,0.7184
A7-lean-s1,yelp,"lean, gate ON",1,gate 2x2,AGGREGATE,-1,400,0.7311,0.3426,0.5,0.0,0.7307,0.3426,-1,0.7184
A8-lean-nogate-s0,yelp,"lean, gate OFF",0,gate 2x2,rotation0,0,400,0.7511,0.4016,0.5,0.0,0.6505,0.2258,109,0.6631
A8-lean-nogate-s0,yelp,"lean, gate OFF",0,gate 2x2,AGGREGATE,-1,400,0.7511,0.4016,0.5,0.0,0.6505,0.2258,-1,0.6631
A9-lean-nogate-s1,yelp,"lean, gate OFF",1,gate 2x2,rotation0,0,400,0.7294,0.3379,0.5,0.0,0.7281,0.3321,314,0.7267
A9-lean-nogate-s1,yelp,"lean, gate OFF",1,gate 2x2,AGGREGATE,-1,400,0.7294,0.3379,0.5,0.0,0.7281,0.3321,-1,0.7267
C1_yelp_placebo_s0,?,?,?,unmapped,rotation0,0,400,0.7476,0.3788,0.5,0.0,0.7472,0.3699,364,0.6785
C1_yelp_placebo_s0,?,?,?,unmapped,AGGREGATE,-1,400,0.7476,0.3788,0.5,0.0,0.7472,0.3699,-1,0.6785
C1_yelp_placebo_s1,?,?,?,unmapped,rotation0,0,400,0.726,0.3379,0.5,0.0,0.7226,0.3302,364,0.7114
C1_yelp_placebo_s1,?,?,?,unmapped,AGGREGATE,-1,400,0.726,0.3379,0.5,0.0,0.7226,0.3302,-1,0.7114
C1_yelp_placebo_s42,?,?,?,unmapped,rotation0,0,400,0.7245,0.344,0.5,0.0,0.7183,0.3406,358,0.7272
C1_yelp_placebo_s42,?,?,?,unmapped,AGGREGATE,-1,400,0.7245,0.344,0.5,0.0,0.7183,0.3406,-1,0.7272
C2_photo_ss50_stream42,?,?,?,unmapped,rotation0,0,200,0.8377,0.5718,0.7022,0.0765,0.81,0.5517,130,0.9976
C2_photo_ss50_stream42,?,?,?,unmapped,rotation1,1,200,0.6826,0.3829,0.8392,0.1606,0.6558,0.3573,165,0.9986
C2_photo_ss50_stream42,?,?,?,unmapped,AGGREGATE,-1,400,0.76015,0.47735,0.7706999999999999,0.11854999999999999,0.7329000000000001,0.4545,-1,0.9981
C2_photo_ss50_t0,?,?,?,unmapped,rotation0,0,200,0.8436,0.5803,0.7116,0.08,0.7917,0.5472,100,0.9961
C2_photo_ss50_t0,?,?,?,unmapped,rotation1,1,200,0.8347,0.4855,0.8532,0.1722,0.8133,0.4615,110,0.9768
C2_photo_ss50_t0,?,?,?,unmapped,AGGREGATE,-1,400,0.8391500000000001,0.5329,0.7824,0.1261,0.8025,0.5043500000000001,-1,0.98645
C2_photo_ss50_t1,?,?,?,unmapped,rotation0,0,200,0.8398,0.5747,0.7045,0.0775,0.7942,0.5426,108,0.9961
C2_photo_ss50_t1,?,?,?,unmapped,rotation1,1,200,0.772,0.4285,0.8724,0.1884,0.5706,0.3589,68,1.0
C2_photo_ss50_t1,?,?,?,unmapped,AGGREGATE,-1,400,0.8059000000000001,0.5016,0.78845,0.13295,0.6824,0.45075,-1,0.99805
G1_yelp_h32_gateOff_s1,yelp,"lean h32, gate OFF",1,compression (gap-close),rotation0,0,400,0.7283,0.3459,0.5,0.0,0.7269,0.3412,393,0.734
G1_yelp_h32_gateOff_s1,yelp,"lean h32, gate OFF",1,compression (gap-close),AGGREGATE,-1,400,0.7283,0.3459,0.5,0.0,0.7269,0.3412,-1,0.734
G2_photo_full_stream42,photo,full (corrected cfg),42,photo full/lean,rotation0,0,200,0.8738,0.6049,0.7681,0.1062,0.8298,0.5641,128,0.9976
G2_photo_full_stream42,photo,full (corrected cfg),42,photo full/lean,rotation1,1,200,0.944,0.6785,0.9271,0.365,0.8992,0.5719,148,0.9937
G2_photo_full_stream42,photo,full (corrected cfg),42,photo full/lean,AGGREGATE,-1,400,0.9089,0.6416999999999999,0.8476,0.2356,0.8645,0.5680000000000001,-1,0.99565
G2_photo_full_t0,photo,full (corrected cfg),42/t0,photo full/lean,rotation0,0,200,0.8641,0.5914,0.7491,0.0931,0.8357,0.5715,138,0.9976
G2_photo_full_t0,photo,full (corrected cfg),42/t0,photo full/lean,rotation1,1,200,0.8173,0.4738,0.8587,0.1832,0.7711,0.4416,116,0.9928
G2_photo_full_t0,photo,full (corrected cfg),42/t0,photo full/lean,AGGREGATE,-1,400,0.8407,0.5326,0.8039000000000001,0.13815,0.8034,0.5065500000000001,-1,0.9952000000000001
G2_photo_full_t1,photo,full (corrected cfg),42/t1,photo full/lean,rotation0,0,200,0.8809,0.612,0.7818,0.1079,0.8191,0.552,87,0.9971
G2_photo_full_t1,photo,full (corrected cfg),42/t1,photo full/lean,rotation1,1,200,0.8039,0.4631,0.8716,0.2252,0.7108,0.3899,62,1.0
G2_photo_full_t1,photo,full (corrected cfg),42/t1,photo full/lean,AGGREGATE,-1,400,0.8424,0.53755,0.8267,0.16655,0.76495,0.47095000000000004,-1,0.99855
G3_photo_lean_stream42,photo,lean (synth OFF),42,photo full/lean,rotation0,0,200,0.8674,0.5898,0.7564,0.0979,0.846,0.5694,131,0.9976
G3_photo_lean_stream42,photo,lean (synth OFF),42,photo full/lean,rotation1,1,200,0.8576,0.4813,0.848,0.1788,0.7731,0.4369,104,1.0
G3_photo_lean_stream42,photo,lean (synth OFF),42,photo full/lean,AGGREGATE,-1,400,0.8625,0.53555,0.8022,0.13835,0.80955,0.50315,-1,0.9988
G3_photo_lean_t0,photo,lean (synth OFF),42/t0,photo full/lean,rotation0,0,200,0.8707,0.6,0.7628,0.1005,0.8071,0.5497,88,0.9971
G3_photo_lean_t0,photo,lean (synth OFF),42/t0,photo full/lean,rotation1,1,200,0.8263,0.467,0.8675,0.1958,0.6989,0.3868,80,0.9961
G3_photo_lean_t0,photo,lean (synth OFF),42/t0,photo full/lean,AGGREGATE,-1,400,0.8485,0.5335,0.81515,0.14815,0.753,0.46824999999999994,-1,0.9965999999999999
G3_photo_lean_t1,photo,lean (synth OFF),42/t1,photo full/lean,rotation0,0,200,0.8745,0.6152,0.7701,0.1111,0.8488,0.5783,102,0.9981
G3_photo_lean_t1,photo,lean (synth OFF),42/t1,photo full/lean,rotation1,1,200,0.8795,0.5241,0.8627,0.1865,0.751,0.4372,88,0.9884
G3_photo_lean_t1,photo,lean (synth OFF),42/t1,photo full/lean,AGGREGATE,-1,400,0.877,0.56965,0.8164,0.1488,0.7999,0.50775,-1,0.99325
HM_yelp_h32_s0,?,?,?,unmapped,rotation0,0,400,0.7573,0.3708,0.5,0.0,0.7411,0.3282,293,0.7248
HM_yelp_h32_s0,?,?,?,unmapped,AGGREGATE,-1,400,0.7573,0.3708,0.5,0.0,0.7411,0.3282,-1,0.7248
HM_yelp_h32_s1,?,?,?,unmapped,rotation0,0,400,0.7271,0.335,0.5,0.0,0.7255,0.3329,360,0.724
HM_yelp_h32_s1,?,?,?,unmapped,AGGREGATE,-1,400,0.7271,0.335,0.5,0.0,0.7255,0.3329,-1,0.724
HM_yelp_h32_s42,?,?,?,unmapped,rotation0,0,400,0.7188,0.2876,0.5,0.0,0.718,0.2872,397,0.793
HM_yelp_h32_s42,?,?,?,unmapped,AGGREGATE,-1,400,0.7188,0.2876,0.5,0.0,0.718,0.2872,-1,0.793
P_cs_base_stream42_PARTIAL,?,?,?,unmapped,rotation0,0,73,0.9841,0.9598,0.9822,0.9468,0.8598,0.7336,17,1.0
P_cs_base_stream42_PARTIAL,?,?,?,unmapped,AGGREGATE,-1,73,0.9841,0.9598,0.9822,0.9468,0.8598,0.7336,-1,1.0
SS100_yelp_s0,?,?,?,unmapped,rotation0,0,400,0.7709,0.4344,0.5,0.0,0.7707,0.4233,328,0.6775
SS100_yelp_s0,?,?,?,unmapped,AGGREGATE,-1,400,0.7709,0.4344,0.5,0.0,0.7707,0.4233,-1,0.6775
SS100_yelp_s1,?,?,?,unmapped,rotation0,0,400,0.7529,0.3754,0.5,0.0,0.7466,0.3705,384,0.7489
SS100_yelp_s1,?,?,?,unmapped,AGGREGATE,-1,400,0.7529,0.3754,0.5,0.0,0.7466,0.3705,-1,0.7489
SS100_yelp_s42,?,?,?,unmapped,rotation0,0,400,0.7515,0.3978,0.5,0.0,0.7506,0.3978,394,0.7365
SS100_yelp_s42,?,?,?,unmapped,AGGREGATE,-1,400,0.7515,0.3978,0.5,0.0,0.7506,0.3978,-1,0.7365
SS50_yelp_s0,?,?,?,unmapped,rotation0,0,400,0.762,0.4141,0.5,0.0,0.7598,0.4033,360,0.6889
SS50_yelp_s0,?,?,?,unmapped,AGGREGATE,-1,400,0.762,0.4141,0.5,0.0,0.7598,0.4033,-1,0.6889
SS50_yelp_s1,?,?,?,unmapped,rotation0,0,400,0.7409,0.3568,0.5,0.0,0.7393,0.3555,396,0.7472
SS50_yelp_s1,?,?,?,unmapped,AGGREGATE,-1,400,0.7409,0.3568,0.5,0.0,0.7393,0.3555,-1,0.7472
SS50_yelp_s42,?,?,?,unmapped,rotation0,0,400,0.748,0.3831,0.5,0.0,0.7445,0.3695,339,0.7577
SS50_yelp_s42,?,?,?,unmapped,AGGREGATE,-1,400,0.748,0.3831,0.5,0.0,0.7445,0.3695,-1,0.7577
SSP_photo_stream42,?,?,?,unmapped,rotation0,0,200,0.7948,0.5416,0.6213,0.0582,0.7657,0.5336,136,0.9957
SSP_photo_stream42,?,?,?,unmapped,rotation1,1,200,0.7856,0.4374,0.8018,0.1725,0.7643,0.4341,159,0.9947
SSP_photo_stream42,?,?,?,unmapped,AGGREGATE,-1,400,0.7902,0.4895,0.7115499999999999,0.11535,0.765,0.48385,-1,0.9952000000000001
SSP_photo_t0,?,?,?,unmapped,rotation0,0,200,0.7893,0.5482,0.6096,0.058,0.767,0.538,139,0.9947
SSP_photo_t0,?,?,?,unmapped,rotation1,1,200,0.733,0.431,0.8326,0.2103,0.7268,0.4284,174,0.986
SSP_photo_t0,?,?,?,unmapped,AGGREGATE,-1,400,0.76115,0.48960000000000004,0.7211000000000001,0.13415,0.7469,0.4832,-1,0.9903500000000001
SSP_photo_t1,?,?,?,unmapped,rotation0,0,200,0.7928,0.546,0.6165,0.0586,0.7894,0.5445,163,0.9952
SSP_photo_t1,?,?,?,unmapped,rotation1,1,200,0.7547,0.4343,0.8513,0.157,0.6566,0.3902,105,0.9952
SSP_photo_t1,?,?,?,unmapped,AGGREGATE,-1,400,0.7737499999999999,0.49015000000000003,0.7339,0.1078,0.723,0.46735,-1,0.9952
X_yelp_full_s0,yelp,"full, gate ON",0,crossover,rotation0,0,400,0.7517,0.3907,0.5,0.0,0.7365,0.3419,189,0.668
X_yelp_full_s0,yelp,"full, gate ON",0,crossover,AGGREGATE,-1,400,0.7517,0.3907,0.5,0.0,0.7365,0.3419,-1,0.668
X_yelp_full_s1,yelp,"full, gate ON",1,crossover,rotation0,0,400,0.7346,0.3426,0.5,0.0,0.7336,0.3389,218,0.735
X_yelp_full_s1,yelp,"full, gate ON",1,crossover,AGGREGATE,-1,400,0.7346,0.3426,0.5,0.0,0.7336,0.3389,-1,0.735
cmp_h16-gateOff-s0,yelp,"lean h16, gate OFF",0,compression,rotation0,0,400,0.7302,0.342,0.5,0.0,0.7238,0.3313,361,0.6488
cmp_h16-gateOff-s0,yelp,"lean h16, gate OFF",0,compression,AGGREGATE,-1,400,0.7302,0.342,0.5,0.0,0.7238,0.3313,-1,0.6488
cmp_h16-gateOff-s42,yelp,"lean h16, gate OFF",42,compression,rotation0,0,400,0.6997,0.2746,0.5,0.0,0.6992,0.2727,398,0.6234
cmp_h16-gateOff-s42,yelp,"lean h16, gate OFF",42,compression,AGGREGATE,-1,400,0.6997,0.2746,0.5,0.0,0.6992,0.2727,-1,0.6234
cmp_h16-gateOn-s0,yelp,"lean h16, gate ON",0,compression,rotation0,0,400,0.7342,0.3434,0.5,0.0,0.6303,0.197,138,0.6829
cmp_h16-gateOn-s0,yelp,"lean h16, gate ON",0,compression,AGGREGATE,-1,400,0.7342,0.3434,0.5,0.0,0.6303,0.197,-1,0.6829
cmp_h16-gateOn-s42,yelp,"lean h16, gate ON",42,compression,rotation0,0,400,0.7229,0.3132,0.5,0.0,0.7226,0.3128,398,0.6834
cmp_h16-gateOn-s42,yelp,"lean h16, gate ON",42,compression,AGGREGATE,-1,400,0.7229,0.3132,0.5,0.0,0.7226,0.3128,-1,0.6834
cmp_h32-gateOff-s0,yelp,"lean h32, gate OFF",0,compression,rotation0,0,400,0.7468,0.3803,0.5,0.0,0.7458,0.3779,392,0.6577
cmp_h32-gateOff-s0,yelp,"lean h32, gate OFF",0,compression,AGGREGATE,-1,400,0.7468,0.3803,0.5,0.0,0.7458,0.3779,-1,0.6577
cmp_h32-gateOff-s42,yelp,"lean h32, gate OFF",42,compression,rotation0,0,400,0.7281,0.3297,0.5,0.0,0.7277,0.3297,398,0.7118
cmp_h32-gateOff-s42,yelp,"lean h32, gate OFF",42,compression,AGGREGATE,-1,400,0.7281,0.3297,0.5,0.0,0.7277,0.3297,-1,0.7118
cmp_h32-gateOn-s0,yelp,"lean h32, gate ON",0,compression,rotation0,0,400,0.7488,0.3723,0.5,0.0,0.7487,0.3699,399,0.6719
cmp_h32-gateOn-s0,yelp,"lean h32, gate ON",0,compression,AGGREGATE,-1,400,0.7488,0.3723,0.5,0.0,0.7487,0.3699,-1,0.6719
cmp_h32-gateOn-s42,yelp,"lean h32, gate ON",42,compression,rotation0,0,400,0.7311,0.3312,0.5,0.0,0.73,0.3277,386,0.7257
cmp_h32-gateOn-s42,yelp,"lean h32, gate ON",42,compression,AGGREGATE,-1,400,0.7311,0.3312,0.5,0.0,0.73,0.3277,-1,0.7257
sg-42,photo,full + gate,42,photo gate A/B,rotation0,0,200,0.8755,0.6016,0.7708,0.1032,0.7926,0.5423,90,0.9957
sg-42,photo,full + gate,42,photo gate A/B,rotation1,1,200,0.8757,0.5145,0.8269,0.157,0.7846,0.4465,80,0.987
sg-42,photo,full + gate,42,photo gate A/B,AGGREGATE,-1,400,0.8755999999999999,0.5580499999999999,0.7988500000000001,0.1301,0.7886,0.4944,-1,0.99135
sg-t0,photo,full + gate,42/t0,photo gate A/B,rotation0,0,200,0.8586,0.5894,0.7403,0.0914,0.7927,0.5462,81,0.9961
sg-t0,photo,full + gate,42/t0,photo gate A/B,rotation1,1,200,0.7997,0.4616,0.8567,0.1855,0.7635,0.4411,168,0.9889
sg-t0,photo,full + gate,42/t0,photo gate A/B,AGGREGATE,-1,400,0.82915,0.5255000000000001,0.7985,0.13845,0.7781,0.49365000000000003,-1,0.9924999999999999
sg-t1,photo,full + gate,42/t1,photo gate A/B,rotation0,0,200,0.8714,0.6059,0.7638,0.1037,0.7946,0.5428,74,0.9971
sg-t1,photo,full + gate,42/t1,photo gate A/B,rotation1,1,200,0.8985,0.531,0.8715,0.2399,0.7806,0.4257,87,0.9952
sg-t1,photo,full + gate,42/t1,photo gate A/B,AGGREGATE,-1,400,0.8849499999999999,0.56845,0.81765,0.1718,0.7876,0.48424999999999996,-1,0.99615
